name,family,cv_mean,cv_std,fold_scores,batch,run_at
knn_weight_micro_bin070_num125_k23_distance_p1,KNN,0.8035192771793904,0.0104634579394503,0.810236;0.798735;0.808511;0.814730;0.785386,knn_weight_micro,2026-05-07T23:06:21
knn_weight_micro_bin070_num120_k23_distance_p1,KNN,0.8035192110064182,0.0091552545981827,0.810236;0.798735;0.809086;0.811853;0.787687,knn_weight_micro,2026-05-07T23:06:21
knn_weight_fine_cat100_bin075_num125_skew100_k23_distance_p1,KNN,0.8034040038618546,0.0105420449174573,0.811386;0.798735;0.809086;0.813003;0.784810,knn_weight_fine,2026-05-07T23:02:59
knn_weight_micro_bin075_num125_k23_distance_p1,KNN,0.8034040038618546,0.0105420449174573,0.811386;0.798735;0.809086;0.813003;0.784810,knn_weight_micro,2026-05-07T23:06:21
knn_weight_micro_bin080_num125_k23_distance_p1,KNN,0.803174449821366,0.0088526309023157,0.808511;0.798735;0.806786;0.813579;0.788262,knn_weight_micro,2026-05-07T23:06:21
knn_weight_micro_bin080_num130_k23_distance_p1,KNN,0.8030593750227469,0.01111525496251,0.811961;0.795860;0.806210;0.815880;0.785386,knn_weight_micro,2026-05-07T23:06:21
knn_weight_micro_bin070_num130_k23_distance_p1,KNN,0.8029444325700721,0.0100764920152276,0.810236;0.795860;0.806786;0.814730;0.787112,knn_weight_micro,2026-05-07T23:06:21
knn_weight_micro_bin080_num120_k23_distance_p1,KNN,0.8029442340511557,0.0086296415525534,0.809086;0.797010;0.808511;0.811277;0.788838,knn_weight_micro,2026-05-07T23:06:21
knn_weight_fine_cat100_bin075_num125_skew110_k23_distance_p1,KNN,0.8028286298687591,0.0097017913621411,0.812536;0.798160;0.808511;0.808976;0.785961,knn_weight_fine,2026-05-07T23:02:59
knn_weight_micro_bin075_num130_k23_distance_p1,KNN,0.8025993405201592,0.0093809428025663,0.809661;0.796435;0.805635;0.813579;0.787687,knn_weight_micro,2026-05-07T23:06:21
knn_weight_micro_bin075_num120_k23_distance_p1,KNN,0.8025990758282706,0.0092371452866179,0.808511;0.797010;0.808511;0.811853;0.787112,knn_weight_micro,2026-05-07T23:06:21
knn_weight_fine_cat100_bin075_num125_skew100_k21_distance_p1,KNN,0.8025988773093541,0.009951537845505,0.812536;0.797010;0.806210;0.811277;0.785961,knn_weight_fine,2026-05-07T23:02:59
knn_ablate_drop_passenger_number_bin070_num125_k23_distance_p1,KNN,0.8023691247499489,0.0126677979553867,0.817136;0.792984;0.802185;0.815305;0.784235,knn_weight_ablation,2026-05-07T23:08:38
knn_weight_fine_cat100_bin075_num135_skew100_k23_distance_p1,KNN,0.8023690585769767,0.0107659385536974,0.811961;0.794710;0.806210;0.813579;0.785386,knn_weight_fine,2026-05-07T23:02:59
knn_weight_fine_cat100_bin075_num125_skew090_k21_distance_p1,KNN,0.8022543808161906,0.0083150144188345,0.809086;0.795285;0.805060;0.811853;0.789988,knn_weight_fine,2026-05-07T23:02:59
knn_weight_fine_cat100_bin075_num135_skew100_k21_distance_p1,KNN,0.8022543146432186,0.0088861128002266,0.809661;0.795285;0.805060;0.812428;0.788838,knn_weight_fine,2026-05-07T23:02:59
knn_weight_fine_cat100_bin075_num115_skew100_k23_distance_p1,KNN,0.8022538514324132,0.0089919860441357,0.811961;0.795285;0.806786;0.808976;0.788262,knn_weight_fine,2026-05-07T23:02:59
knn_weight_fine_cat100_bin075_num125_skew090_k23_distance_p1,KNN,0.8022537852594411,0.0112151698213528,0.811961;0.797010;0.805635;0.813579;0.783084,knn_weight_fine,2026-05-07T23:02:59
knn_weight_fine_cat090_bin075_num125_skew100_k23_distance_p1,KNN,0.8021391074986551,0.0082857424262251,0.809086;0.796435;0.805635;0.810702;0.788838,knn_weight_fine,2026-05-07T23:02:59
knn_ablate_drop_inferred_flags_bin070_num125_k23_distance_p1,KNN,0.802023701835175,0.0099788398909674,0.807936;0.798160;0.807936;0.811853;0.784235,knn_weight_ablation,2026-05-07T23:08:38
knn_weight_fine_cat100_bin075_num125_skew110_k21_distance_p1,KNN,0.8020235694892307,0.0099273946149438,0.812536;0.796435;0.806210;0.809551;0.785386,knn_weight_fine,2026-05-07T23:02:59
knn_ablate_drop_spend_flags_bin070_num120_k23_distance_p1,KNN,0.8019090240743891,0.0101639054934654,0.807936;0.797010;0.805635;0.814154;0.784810,knn_weight_ablation,2026-05-07T23:08:38
knn_weight_micro_bin070_num130_k22_distance_p1,KNN,0.8019086932095281,0.009482444937207,0.810811;0.796435;0.806210;0.810127;0.785961,knn_weight_micro,2026-05-07T23:06:21
knn_weight_micro_bin075_num130_k22_distance_p1,KNN,0.8019086932095281,0.0095099736577677,0.811386;0.795285;0.806786;0.809551;0.786536,knn_weight_micro,2026-05-07T23:06:21
knn_ablate_drop_passenger_number_bin070_num120_k23_distance_p1,KNN,0.8017940154487422,0.0121550380173523,0.815411;0.792984;0.801610;0.814730;0.784235,knn_weight_ablation,2026-05-07T23:08:38
knn_weight_cat100_bin075_k23_distance_p1,KNN,0.801678212747429,0.0097705530353686,0.813111;0.795285;0.807936;0.806099;0.785961,knn_feature_weights,2026-05-07T22:59:52
knn_weight_micro_bin080_num120_k24_distance_p1,KNN,0.8015638658515039,0.0094371416846235,0.812536;0.795860;0.801610;0.810702;0.787112,knn_weight_micro,2026-05-07T23:06:21
knn_weight_skew100_num125_k21_distance_p1,KNN,0.8015634026406987,0.0099784951947024,0.811961;0.795860;0.806210;0.808976;0.784810,knn_feature_weights,2026-05-07T22:59:52
knn_weight_micro_bin080_num130_k24_distance_p1,KNN,0.8013340471191267,0.0088800726918613,0.807936;0.794710;0.804485;0.811853;0.787687,knn_weight_micro,2026-05-07T23:06:21
knn_ablate_drop_inferred_flags_bin070_num120_k23_distance_p1,KNN,0.8013339809461544,0.0094314297148881,0.805635;0.795860;0.806210;0.813003;0.785961,knn_weight_ablation,2026-05-07T23:08:38
knn_weight_micro_bin070_num125_k22_distance_p1,KNN,0.8012187076286189,0.0101392770473616,0.810811;0.795285;0.803335;0.811853;0.784810,knn_weight_micro,2026-05-07T23:06:21
knn_ablate_drop_spend_flags_bin070_num125_k23_distance_p1,KNN,0.8009888888962415,0.0096353074029283,0.806210;0.795285;0.805060;0.813003;0.785386,knn_weight_ablation,2026-05-07T23:08:38
knn_weight_micro_bin075_num120_k24_distance_p1,KNN,0.8009886242043527,0.0095158859433418,0.810236;0.795860;0.802760;0.810702;0.785386,knn_weight_micro,2026-05-07T23:06:21
knn_weight_fine_cat090_bin075_num125_skew100_k21_distance_p1,KNN,0.8009885580313805,0.0101239272350278,0.810811;0.795860;0.802760;0.811277;0.784235,knn_weight_fine,2026-05-07T23:02:59
knn_weight_fine_cat090_bin075_num125_skew100_k25_distance_p1,KNN,0.8009884256854362,0.0104793248644158,0.811386;0.793560;0.805635;0.810127;0.784235,knn_weight_fine,2026-05-07T23:02:59
knn_weight_fine_cat100_bin065_num100_skew100_k23_distance_p1,KNN,0.8009880286476031,0.0113235042626863,0.813686;0.791834;0.808511;0.807250;0.783659,knn_weight_fine,2026-05-07T23:02:59
knn_weight_micro_bin070_num120_k22_distance_p1,KNN,0.8008734832327613,0.0095417736497655,0.809661;0.795860;0.803910;0.810127;0.784810,knn_weight_micro,2026-05-07T23:06:21
knn_weight_fine_cat110_bin075_num125_skew100_k23_distance_p1,KNN,0.8008734832327613,0.0099884286514413,0.810811;0.792984;0.805635;0.809551;0.785386,knn_weight_fine,2026-05-07T23:02:59
knn_weight_micro_bin080_num125_k22_distance_p1,KNN,0.8008733508868172,0.0104131779960374,0.811961;0.795285;0.803335;0.810127;0.783659,knn_weight_micro,2026-05-07T23:06:21
knn_weight_micro_bin080_num130_k22_distance_p1,KNN,0.8008732847138449,0.0099661890370846,0.811961;0.795860;0.803335;0.808976;0.784235,knn_weight_micro,2026-05-07T23:06:21
knn_weight_micro_bin075_num125_k22_distance_p1,KNN,0.8008732847138449,0.0106845756533635,0.810811;0.795860;0.804485;0.810702;0.782509,knn_weight_micro,2026-05-07T23:06:21
knn_weight_skew100_num125_k23_distance_p1,KNN,0.8007580775692814,0.008979175029554,0.810236;0.797585;0.804485;0.806674;0.784810,knn_feature_weights,2026-05-07T22:59:52
knn_weight_fine_cat110_bin075_num125_skew100_k21_distance_p1,KNN,0.800643201289579,0.0095954683064064,0.810811;0.794710;0.805060;0.807825;0.784810,knn_weight_fine,2026-05-07T23:02:59
knn_weight_micro_bin075_num125_k24_distance_p1,KNN,0.8005288543936537,0.0093498310433846,0.807361;0.794710;0.802185;0.812428;0.785961,knn_weight_micro,2026-05-07T23:06:21
knn_weight_micro_bin080_num125_k24_distance_p1,KNN,0.8004135149031459,0.0094519142682763,0.808511;0.795285;0.802760;0.810702;0.784810,knn_weight_micro,2026-05-07T23:06:21
knn_weight_micro_bin075_num120_k22_distance_p1,KNN,0.8004130516923407,0.0097774486107025,0.811386;0.794710;0.804485;0.807250;0.784235,knn_weight_micro,2026-05-07T23:06:21
knn_no_name_refine_k23_distance_p1,KNN,0.8004129193463964,0.01024858583282,0.809661;0.791834;0.810236;0.805524;0.784810,knn_no_name_refine,2026-05-07T22:46:35
knn_no_name_fine_k23_distance_p1,KNN,0.8004129193463964,0.01024858583282,0.809661;0.791834;0.810236;0.805524;0.784810,knn_no_name_fine,2026-05-07T22:48:30
knn_weight_cat075_bin100_k21_distance_p1,KNN,0.8001833653059078,0.0094655967883113,0.805060;0.798735;0.802760;0.811277;0.783084,knn_feature_weights,2026-05-07T22:59:52
knn_weight_micro_bin070_num120_k24_distance_p1,KNN,0.8001832329599633,0.0088757304454413,0.808511;0.796435;0.802760;0.808400;0.784810,knn_weight_micro,2026-05-07T23:06:21
knn_weight_fine_cat100_bin075_num115_skew100_k21_distance_p1,KNN,0.8001827697491581,0.0100856046279985,0.812536;0.795860;0.803335;0.806099;0.783084,knn_weight_fine,2026-05-07T23:02:59
knn_weight_micro_bin075_num130_k24_distance_p1,KNN,0.7999536789194748,0.0106100586478651,0.806210;0.792409;0.803910;0.813579;0.783659,knn_weight_micro,2026-05-07T23:06:21
knn_no_name_refine_k25_distance_p1,KNN,0.7999526201519197,0.0105778066964429,0.816561;0.793560;0.801610;0.803222;0.784810,knn_no_name_refine,2026-05-07T22:46:35
knn_no_name_fine_k25_distance_p1,KNN,0.7999526201519197,0.0105778066964429,0.816561;0.793560;0.801610;0.803222;0.784810,knn_no_name_fine,2026-05-07T22:48:30
knn_weight_fine_cat110_bin075_num125_skew100_k25_distance_p1,KNN,0.7998384056019392,0.0086069216271364,0.807361;0.792984;0.803910;0.808400;0.786536,knn_weight_fine,2026-05-07T23:02:59
knn_weight_cat075_bin100_k25_distance_p1,KNN,0.7998382732559948,0.0099718198596126,0.805635;0.795860;0.803910;0.811277;0.782509,knn_feature_weights,2026-05-07T22:59:52
knn_ablate_drop_cabin_number_bin070_num120_k23_distance_p1,KNN,0.7998382070830227,0.0067012060991954,0.806210;0.796435;0.803335;0.804948;0.788262,knn_weight_ablation,2026-05-07T23:08:38
knn_weight_skew125_num100_k25_distance_p1,KNN,0.7997230661114314,0.0077347757016179,0.807936;0.795860;0.802760;0.805524;0.786536,knn_feature_weights,2026-05-07T22:59:52
knn_weight_skew125_num100_k21_distance_p1,KNN,0.7997229337654869,0.0082678758197754,0.808511;0.798735;0.800460;0.806099;0.784810,knn_feature_weights,2026-05-07T22:59:52
knn_weight_fine_cat100_bin075_num115_skew100_k25_distance_p1,KNN,0.7997228675925149,0.0106482678165334,0.809086;0.792984;0.806210;0.808400;0.781933,knn_weight_fine,2026-05-07T23:02:59
knn_weight_micro_bin080_num120_k22_distance_p1,KNN,0.7997227352465704,0.0100229270786773,0.811386;0.794135;0.803910;0.806099;0.783084,knn_weight_micro,2026-05-07T23:06:21
knn_weight_fine_cat100_bin075_num125_skew100_k25_distance_p1,KNN,0.7996079913128122,0.010426723839075,0.806786;0.792409;0.807361;0.808976;0.782509,knn_weight_fine,2026-05-07T23:02:59
knn_no_name_refine_k21_distance_p1,KNN,0.7994929165141932,0.0098322994107049,0.812536;0.794135;0.799885;0.806674;0.784235,knn_no_name_refine,2026-05-07T22:46:35
knn_no_name_fine_k21_distance_p1,KNN,0.7994929165141932,0.0098322994107049,0.812536;0.794135;0.799885;0.806674;0.784235,knn_no_name_fine,2026-05-07T22:48:30
knn_weight_skew125_num100_k23_distance_p1,KNN,0.7994926518223044,0.0097507977162245,0.807936;0.795860;0.805060;0.806674;0.781933,knn_feature_weights,2026-05-07T22:59:52
knn_weight_cat100_bin125_k21_distance_p1,KNN,0.7994926518223043,0.0093127217200331,0.811386;0.796435;0.801035;0.804948;0.783659,knn_feature_weights,2026-05-07T22:59:52
knn_no_name_refine_k31_distance_p1,KNN,0.7993773785047689,0.0094077389196566,0.813111;0.795860;0.801610;0.802071;0.784235,knn_no_name_refine,2026-05-07T22:46:35
knn_no_name_refine_k31_uniform_p1,KNN,0.7993768491209913,0.0108598837190704,0.816561;0.791834;0.806786;0.795167;0.786536,knn_no_name_refine,2026-05-07T22:46:35
knn_weight_micro_bin070_num125_k24_distance_p1,KNN,0.799263163954788,0.0085322717469041,0.804485;0.796435;0.802185;0.808976;0.784235,knn_weight_micro,2026-05-07T23:06:21
knn_no_name_refine_k29_distance_p1,KNN,0.7992623698791219,0.0103103346337756,0.813686;0.792409;0.803910;0.802647;0.783659,knn_no_name_refine,2026-05-07T22:46:35
knn_weight_fine_cat100_bin075_num135_skew100_k25_distance_p1,KNN,0.7991486185399463,0.0091372668362796,0.805635;0.789534;0.803335;0.810127;0.787112,knn_weight_fine,2026-05-07T23:02:59
knn_weight_fine_cat100_bin075_num125_skew090_k25_distance_p1,KNN,0.7991478906372523,0.0085867636060851,0.805060;0.794710;0.805060;0.806674;0.784235,knn_weight_fine,2026-05-07T23:02:59
knn_weight_skew075_num100_k23_distance_p1,KNN,0.7991478906372522,0.0096250356203456,0.811386;0.791834;0.801610;0.806099;0.784810,knn_feature_weights,2026-05-07T22:59:52
knn_weight_skew100_num125_k25_distance_p1,KNN,0.7991476259453638,0.009889217354506,0.809086;0.794710;0.803335;0.806674;0.781933,knn_feature_weights,2026-05-07T22:59:52
knn_weight_skew075_num100_k25_distance_p1,KNN,0.799032749665661,0.0097573142779058,0.813111;0.789534;0.802760;0.803222;0.786536,knn_feature_weights,2026-05-07T22:59:52
knn_no_name_refine_k33_uniform_p1,KNN,0.7990314262062175,0.010433624399341,0.812536;0.797585;0.806786;0.796318;0.781933,knn_no_name_refine,2026-05-07T22:46:35
knn_weight_cat075_bin100_k23_distance_p1,KNN,0.7989180057319029,0.0101792208086464,0.806210;0.795285;0.801035;0.810702;0.781358,knn_feature_weights,2026-05-07T22:59:52
knn_ablate_drop_cabin_number_bin070_num125_k23_distance_p1,KNN,0.7989178733859585,0.0083203892795512,0.806210;0.792984;0.804485;0.805524;0.785386,knn_weight_ablation,2026-05-07T23:08:38
knn_feature_no_name_standard_k25_uniform_p2,KNN,0.7989177410400141,0.0071043576954393,0.808511;0.792984;0.803335;0.800921;0.788838,knn_feature_trim,2026-05-07T22:44:10
knn_no_name_refine_k25_uniform_p2,KNN,0.7989177410400141,0.0071043576954393,0.808511;0.792984;0.803335;0.800921;0.788838,knn_no_name_refine,2026-05-07T22:46:35
knn_weight_cat100_bin075_k25_distance_p1,KNN,0.7989174763481255,0.0109038846225638,0.811386;0.792984;0.802760;0.806674;0.780783,knn_feature_weights,2026-05-07T22:59:52
knn_weight_cat100_bin125_k25_distance_p1,KNN,0.7989174101751533,0.0093916467346635,0.810811;0.793560;0.803335;0.803222;0.783659,knn_feature_weights,2026-05-07T22:59:52
knn_no_name_refine_k33_distance_p1,KNN,0.7989167484454314,0.0103256587344997,0.810811;0.802185;0.800460;0.801496;0.779632,knn_no_name_refine,2026-05-07T22:46:35
knn_weight_micro_bin070_num130_k24_distance_p1,KNN,0.7988030632792281,0.0096140528033185,0.803910;0.794135;0.803335;0.810127;0.782509,knn_weight_micro,2026-05-07T23:06:21
knn_weight_fine_cat100_bin075_num125_skew110_k25_distance_p1,KNN,0.7986873929238595,0.0105617286273869,0.807936;0.793560;0.805060;0.806674;0.780207,knn_weight_fine,2026-05-07T23:02:59
knn_weight_cat100_bin075_k21_distance_p1,KNN,0.7985725166441568,0.0104790210618866,0.810811;0.792984;0.801035;0.806674;0.781358,knn_feature_weights,2026-05-07T22:59:52
knn_no_name_refine_k27_distance_p1,KNN,0.7985721857792959,0.0106601048558032,0.811386;0.791834;0.804485;0.803797;0.781358,knn_no_name_refine,2026-05-07T22:46:35
knn_no_name_refine_k29_uniform_p1,KNN,0.7985713917036298,0.012118907744708,0.815986;0.788959;0.809661;0.793441;0.784810,knn_no_name_refine,2026-05-07T22:46:35
knn_k_refine_standard_k31_uniform_p2,KNN,0.7984575080185099,0.0078585124880382,0.808511;0.791259;0.804485;0.800345;0.787687,knn_k_refine,2026-05-07T22:42:25
knn_no_name_fine_k20_distance_p1,KNN,0.7984574418455377,0.0089921716863983,0.810811;0.797010;0.797010;0.803797;0.783659,knn_no_name_fine,2026-05-07T22:48:30
knn_weight_fine_cat100_bin065_num100_skew100_k25_distance_p1,KNN,0.7983423008739464,0.0102660340918262,0.810811;0.792984;0.801610;0.804948;0.781358,knn_weight_fine,2026-05-07T23:02:59
knn_weight_cat050_bin100_k23_distance_p1,KNN,0.79822821866991,0.0095450591260238,0.804485;0.794135;0.798160;0.811277;0.783084,knn_feature_weights,2026-05-07T22:59:52
knn_no_name_fine_k22_distance_p1,KNN,0.7982271599023552,0.0096618416395753,0.811386;0.792409;0.802185;0.802071;0.783084,knn_no_name_fine,2026-05-07T22:48:30
knn_no_name_fine_k24_distance_p1,KNN,0.7981126144875134,0.0098453219774577,0.811386;0.788959;0.801035;0.804373;0.784810,knn_no_name_fine,2026-05-07T22:48:30
knn_weight_fine_cat100_bin065_num100_skew100_k21_distance_p1,KNN,0.7981118865848196,0.0114447219770424,0.813111;0.790684;0.803910;0.802647;0.780207,knn_weight_fine,2026-05-07T23:02:59
knn_scaler_standard_k21_uniform_p1,KNN,0.7979972749970056,0.0089315238489445,0.810236;0.791259;0.802185;0.801496;0.784810,knn_scaler_compare,2026-05-07T22:43:46
knn_weight_skew075_num100_k21_distance_p1,KNN,0.7979971426510615,0.0106882424974645,0.813686;0.791834;0.799310;0.803222;0.781933,knn_feature_weights,2026-05-07T22:59:52
knn_weight_cat050_bin100_k21_distance_p1,KNN,0.797883060447025,0.0089534182799908,0.804485;0.793560;0.798160;0.809551;0.783659,knn_feature_weights,2026-05-07T22:59:52
knn_no_name_refine_k25_distance_p2,KNN,0.7978825972362196,0.0087469599613915,0.805635;0.795285;0.799310;0.806674;0.782509,knn_no_name_refine,2026-05-07T22:46:35
knn_weight_cat050_bin100_k25_distance_p1,KNN,0.7977679856484058,0.0112894345351043,0.805060;0.792984;0.798160;0.813003;0.779632,knn_feature_weights,2026-05-07T22:59:52
knn_weight_cat100_bin125_k23_distance_p1,KNN,0.7977672577457118,0.0086927640639624,0.807361;0.794710;0.800460;0.803797;0.782509,knn_feature_weights,2026-05-07T22:59:52
knn_feature_no_name_standard_k27_uniform_p2,KNN,0.79776659601599,0.0092732985339887,0.809661;0.791834;0.806786;0.795742;0.784810,knn_feature_trim,2026-05-07T22:44:10
knn_no_name_refine_k27_uniform_p2,KNN,0.79776659601599,0.0092732985339887,0.809661;0.791834;0.806786;0.795742;0.784810,knn_no_name_refine,2026-05-07T22:46:35
knn_no_name_refine_k25_uniform_p1,KNN,0.7975369758025292,0.0100934070806883,0.811961;0.788959;0.802760;0.800345;0.783659,knn_no_name_refine,2026-05-07T22:46:35
knn_no_name_fine_k25_uniform_p1,KNN,0.7975369758025292,0.0100934070806883,0.811961;0.788959;0.802760;0.800345;0.783659,knn_no_name_fine,2026-05-07T22:48:30
knn_weight_cat075_bin125_k23_distance_p1,KNN,0.7974223642147154,0.0098042103630202,0.803910;0.795285;0.800460;0.807825;0.779632,knn_feature_weights,2026-05-07T22:59:52
knn_weight_cat075_bin125_k25_distance_p1,KNN,0.7974221656957989,0.012213478689902,0.803335;0.795285;0.802760;0.810702;0.775029,knn_feature_weights,2026-05-07T22:59:52
knn_ablate_drop_interaction_cats_bin070_num120_k23_distance_p1,KNN,0.7973080834917626,0.0065180690039383,0.800460;0.794135;0.798160;0.806674;0.787112,knn_weight_ablation,2026-05-07T23:08:38
knn_weight_cat075_bin125_k21_distance_p1,KNN,0.797307554107985,0.0091943911356068,0.803910;0.794135;0.799310;0.807825;0.781358,knn_feature_weights,2026-05-07T22:59:52
knn_k_refine_standard_k29_uniform_p2,KNN,0.7973068923782632,0.0083555143097676,0.807361;0.791834;0.803910;0.799194;0.784235,knn_k_refine,2026-05-07T22:42:25
knn_scaler_standard_k29_uniform_p2,KNN,0.7973068923782632,0.0083555143097676,0.807361;0.791834;0.803910;0.799194;0.784235,knn_scaler_compare,2026-05-07T22:43:46
knn_weight_cat125_bin075_k21_distance_p1,KNN,0.7971920822715328,0.0082468453221008,0.808511;0.794135;0.798160;0.801496;0.783659,knn_feature_weights,2026-05-07T22:59:52
knn_k_refine_standard_k27_uniform_p2,KNN,0.7971918175796442,0.0099003149520986,0.807936;0.788959;0.806210;0.800345;0.782509,knn_k_refine,2026-05-07T22:42:25
knn_no_name_refine_k23_uniform_p1,KNN,0.7971916190607276,0.0129545585826618,0.809661;0.783784;0.811386;0.800921;0.780207,knn_no_name_refine,2026-05-07T22:46:35
knn_no_name_fine_k23_uniform_p1,KNN,0.7971916190607276,0.0129545585826618,0.809661;0.783784;0.811386;0.800921;0.780207,knn_no_name_fine,2026-05-07T22:48:30
knn_weight_cat125_bin075_k25_distance_p1,KNN,0.7969621311932112,0.0078612438412458,0.806786;0.794135;0.798160;0.802071;0.783659,knn_feature_weights,2026-05-07T22:59:52
knn_no_name_refine_k21_uniform_p1,KNN,0.7969618665013225,0.0119218703336448,0.809086;0.790684;0.801610;0.806674;0.776755,knn_no_name_refine,2026-05-07T22:46:35
knn_no_name_fine_k21_uniform_p1,KNN,0.7969618665013225,0.0119218703336448,0.809086;0.790684;0.801610;0.806674;0.776755,knn_no_name_fine,2026-05-07T22:48:30
knn_k_refine_standard_k33_uniform_p2,KNN,0.7968467255297311,0.0088312468352393,0.811386;0.790684;0.799885;0.796893;0.785386,knn_k_refine,2026-05-07T22:42:25
knn_ablate_drop_group_number_bin070_num120_k23_distance_p1,KNN,0.796731981595973,0.0086765302158566,0.806210;0.792409;0.800460;0.802647;0.781933,knn_weight_ablation,2026-05-07T23:08:38
knn_no_name_refine_k19_distance_p1,KNN,0.7967319154230008,0.0095711657962281,0.805060;0.795285;0.799310;0.804948;0.779056,knn_no_name_refine,2026-05-07T22:46:35
knn_scaler_standard_k25_uniform_p1,KNN,0.7967318492500286,0.0102055763577569,0.811961;0.787234;0.801035;0.799770;0.783659,knn_scaler_compare,2026-05-07T22:43:46
knn_k_refine_standard_k23_uniform_p2,KNN,0.7967317169040843,0.0101696197126427,0.810236;0.787809;0.803335;0.799770;0.782509,knn_k_refine,2026-05-07T22:42:25
knn_scaler_standard_k29_uniform_p1,KNN,0.7967316507311121,0.0106718517241249,0.811961;0.786084;0.803910;0.798044;0.783659,knn_scaler_compare,2026-05-07T22:43:46
knn_ablate_drop_group_number_bin070_num125_k23_distance_p1,KNN,0.7966170391432982,0.0079832950691213,0.803335;0.792984;0.801610;0.802647;0.782509,knn_weight_ablation,2026-05-07T23:08:38
knn_weight_cat125_bin075_k23_distance_p1,KNN,0.7963870218920044,0.0084111693003546,0.808511;0.787809;0.800460;0.799194;0.785961,knn_feature_weights,2026-05-07T22:59:52
knn_weight_cat125_bin100_k23_distance_p1,KNN,0.7963862939893105,0.0097201430261374,0.810811;0.791834;0.800460;0.797468;0.781358,knn_feature_weights,2026-05-07T22:59:52
knn_no_name_refine_k31_uniform_p2,KNN,0.7963859631244495,0.0108758207847336,0.810811;0.787809;0.807361;0.792865;0.783084,knn_no_name_refine,2026-05-07T22:46:35
knn_feature_no_name_standard_k29_uniform_p2,KNN,0.7963856984325608,0.0115593051210664,0.813111;0.789534;0.805635;0.792865;0.780783,knn_feature_trim,2026-05-07T22:44:10
knn_no_name_refine_k29_uniform_p2,KNN,0.7963856984325608,0.0115593051210664,0.813111;0.789534;0.805635;0.792865;0.780783,knn_no_name_refine,2026-05-07T22:46:35
knn_no_name_fine_k26_distance_p1,KNN,0.7962720794393296,0.0082618639080492,0.808511;0.790109;0.797010;0.800921;0.784810,knn_no_name_fine,2026-05-07T22:48:30
knn_no_name_refine_k19_uniform_p1,KNN,0.7962716824014966,0.0088075515251625,0.805060;0.792409;0.801610;0.801496;0.780783,knn_no_name_refine,2026-05-07T22:46:35
knn_ablate_drop_interaction_cats_bin070_num125_k23_distance_p1,KNN,0.7961579310623211,0.0082353118925899,0.801035;0.790109;0.796435;0.808400;0.784810,knn_weight_ablation,2026-05-07T23:08:38
knn_k_refine_standard_k27_distance_p2,KNN,0.7961568061217938,0.0089830987189698,0.806786;0.788959;0.801610;0.800921;0.782509,knn_k_refine,2026-05-07T22:42:25
knn_weight_skew100_num075_k25_distance_p1,KNN,0.7961567399488219,0.0084065053755547,0.807936;0.792984;0.797010;0.800345;0.782509,knn_feature_weights,2026-05-07T22:59:52
knn_no_name_refine_k29_distance_p2,KNN,0.7961560120461278,0.0101809930355939,0.809661;0.791834;0.802760;0.796893;0.779632,knn_no_name_refine,2026-05-07T22:46:35
knn_weight_cat125_bin100_k25_distance_p1,KNN,0.7960419960150636,0.0089631998710432,0.807361;0.788384;0.799310;0.802071;0.783084,knn_feature_weights,2026-05-07T22:59:52
knn_weight_skew100_num075_k21_distance_p1,KNN,0.7960413342853419,0.0090010282412345,0.807936;0.795285;0.797585;0.799194;0.780207,knn_feature_weights,2026-05-07T22:59:52
knn_k_refine_standard_k29_distance_p2,KNN,0.7959269873894167,0.007051916714094,0.804485;0.790109;0.799885;0.799770;0.785386,knn_k_refine,2026-05-07T22:42:25
knn_weight_cat125_bin100_k21_distance_p1,KNN,0.795926722697528,0.0079919008316074,0.806786;0.791834;0.798160;0.799770;0.783084,knn_feature_weights,2026-05-07T22:59:52
knn_k_refine_standard_k31_distance_p2,KNN,0.795926722697528,0.008832841483262,0.807361;0.787809;0.801610;0.799194;0.783659,knn_k_refine,2026-05-07T22:42:25
knn_no_name_refine_k27_distance_p2,KNN,0.7959265903515835,0.0083197230506839,0.807361;0.791834;0.798735;0.799194;0.782509,knn_no_name_refine,2026-05-07T22:46:35
knn_no_name_refine_k23_distance_p2,KNN,0.7958125081475472,0.0104423088276943,0.805060;0.791834;0.792409;0.809551;0.780207,knn_no_name_refine,2026-05-07T22:46:35
knn_k_refine_standard_k23_distance_p2,KNN,0.7958123758016028,0.0085625129178286,0.806210;0.785509;0.798735;0.802647;0.785961,knn_k_refine,2026-05-07T22:42:25
knn_no_name_refine_k27_uniform_p1,KNN,0.7958111846881035,0.0121013633609168,0.811386;0.783784;0.805635;0.798044;0.780207,knn_no_name_refine,2026-05-07T22:46:35
knn_k_refine_standard_k25_uniform_p2,KNN,0.7956965731002897,0.0112113772294819,0.810811;0.785509;0.800460;0.801496;0.780207,knn_k_refine,2026-05-07T22:42:25
knn_scaler_standard_k25_uniform_p2,KNN,0.7956965731002897,0.0112113772294819,0.810811;0.785509;0.800460;0.801496;0.780207,knn_scaler_compare,2026-05-07T22:43:46
knn_weight_skew100_num075_k23_distance_p1,KNN,0.7953514810503769,0.0094849402548404,0.809086;0.788959;0.797585;0.799770;0.781358,knn_feature_weights,2026-05-07T22:59:52
knn_no_name_refine_k31_distance_p2,KNN,0.7953513487044325,0.0085095225635113,0.805635;0.788384;0.802760;0.796893;0.783084,knn_no_name_refine,2026-05-07T22:46:35
knn_no_name_refine_k33_distance_p2,KNN,0.7952366047706743,0.0097341453027378,0.805060;0.787234;0.801610;0.802071;0.780207,knn_no_name_refine,2026-05-07T22:46:35
knn_k_refine_standard_k25_distance_p2,KNN,0.7950065875193804,0.010076985933439,0.808511;0.785509;0.798735;0.800921;0.781358,knn_k_refine,2026-05-07T22:42:25
knn_no_name_fine_k22_uniform_p1,KNN,0.7950059919626308,0.0118576734789866,0.806210;0.788959;0.802760;0.802647;0.774453,knn_no_name_fine,2026-05-07T22:48:30
knn_k_refine_standard_k19_uniform_p2,KNN,0.7948923729693996,0.0091573459686093,0.807936;0.783209;0.794135;0.802071;0.787112,knn_k_refine,2026-05-07T22:42:25
knn_no_name_fine_k20_uniform_p1,KNN,0.7947765702680866,0.0100290659631002,0.808511;0.787809;0.795285;0.802071;0.780207,knn_no_name_fine,2026-05-07T22:48:30
knn_feature_no_name_standard_k23_uniform_p2,KNN,0.7946616278154118,0.0104392306314393,0.807361;0.789534;0.793560;0.804373;0.778481,knn_feature_trim,2026-05-07T22:44:10
knn_no_name_refine_k23_uniform_p2,KNN,0.7946616278154118,0.0104392306314393,0.807361;0.789534;0.793560;0.804373;0.778481,knn_no_name_refine,2026-05-07T22:46:35
knn_no_name_refine_k33_uniform_p2,KNN,0.7945463544978763,0.0092194695113166,0.806786;0.783784;0.801610;0.796318;0.784235,knn_no_name_refine,2026-05-07T22:46:35
knn_no_name_fine_k24_uniform_p1,KNN,0.7945462883249039,0.0112280358554916,0.809661;0.784359;0.798735;0.800921;0.779056,knn_no_name_fine,2026-05-07T22:48:30
knn_k_refine_standard_k33_distance_p2,KNN,0.7945460236330153,0.0095104868724004,0.807361;0.787809;0.799885;0.797468;0.780207,knn_k_refine,2026-05-07T22:42:25
knn_k_refine_standard_k21_distance_p2,KNN,0.7942019903506573,0.007887705129351,0.805060;0.787234;0.792409;0.801496;0.784810,knn_k_refine,2026-05-07T22:42:25
knn_k_refine_standard_k21_uniform_p2,KNN,0.794086518514205,0.0084302916202255,0.806210;0.785509;0.796435;0.798619;0.783659,knn_k_refine,2026-05-07T22:42:25
knn_scaler_standard_k21_uniform_p2,KNN,0.794086518514205,0.0084302916202255,0.806210;0.785509;0.796435;0.798619;0.783659,knn_scaler_compare,2026-05-07T22:43:46
knn_feature_no_ids_standard_k23_uniform_p2,KNN,0.7933965329332956,0.0062030770776985,0.803335;0.788384;0.792409;0.796893;0.785961,knn_feature_trim,2026-05-07T22:44:10
knn_feature_no_ids_standard_k29_uniform_p2,KNN,0.793396268241407,0.0092503405137057,0.803910;0.783209;0.799310;0.799194;0.781358,knn_feature_trim,2026-05-07T22:44:10
knn_no_name_refine_k21_distance_p2,KNN,0.7931663171630853,0.0095949627793712,0.803335;0.788384;0.792984;0.803222;0.777906,knn_no_name_refine,2026-05-07T22:46:35
knn_no_name_refine_k19_distance_p2,KNN,0.7931663171630852,0.0103902434612494,0.802185;0.787809;0.794710;0.804948;0.776180,knn_no_name_refine,2026-05-07T22:46:35
knn_no_name_refine_k21_uniform_p2,KNN,0.792706017968609,0.0114177219229783,0.806786;0.783784;0.794135;0.802647;0.776180,knn_no_name_refine,2026-05-07T22:46:35
knn_feature_core_spend_standard_k29_uniform_p2,KNN,0.7927058856226645,0.008671584273107,0.805635;0.782634;0.797585;0.794016;0.783659,knn_feature_trim,2026-05-07T22:44:10
knn_k_refine_standard_k19_distance_p2,KNN,0.7925920019375446,0.0092725467092252,0.803910;0.780909;0.790684;0.802647;0.784810,knn_k_refine,2026-05-07T22:42:25
knn_feature_no_ids_standard_k27_uniform_p2,KNN,0.7924762654092039,0.0081979401312579,0.798735;0.784359;0.798160;0.800345;0.780783,knn_feature_trim,2026-05-07T22:44:10
knn_no_name_fine_k26_uniform_p1,KNN,0.792476000717315,0.0086883665609235,0.806210;0.782059;0.795285;0.794591;0.784235,knn_no_name_fine,2026-05-07T22:48:30
knn_feature_no_ids_standard_k25_uniform_p2,KNN,0.7920159000417551,0.0062658083867269,0.801035;0.787234;0.793560;0.795167;0.783084,knn_feature_trim,2026-05-07T22:44:10
knn_no_name_refine_k19_uniform_p2,KNN,0.7919010237620526,0.0119726754423125,0.803910;0.780909;0.795285;0.804373;0.775029,knn_no_name_refine,2026-05-07T22:46:35
knn_feature_core_spend_standard_k25_uniform_p2,KNN,0.7919004943782753,0.006349528783109,0.800460;0.788384;0.795860;0.792865;0.781933,knn_feature_trim,2026-05-07T22:44:10
knn_feature_core_spend_standard_k23_uniform_p2,KNN,0.7905203246975397,0.0052446089779435,0.798735;0.787234;0.792409;0.791139;0.783084,knn_feature_trim,2026-05-07T22:44:10
knn_feature_core_spend_standard_k27_uniform_p2,KNN,0.7899449507044444,0.0083147628486442,0.801610;0.781484;0.795285;0.791715;0.779632,knn_feature_trim,2026-05-07T22:44:10
knn_scaler_robust_k29_uniform_p1,KNN,0.7863788892337235,0.0076005321602079,0.798735;0.778033;0.790684;0.784810;0.779632,knn_scaler_compare,2026-05-07T22:43:46
knn_standard_k25_uniform_p2,KNN,0.7861491366743184,0.0081308493983764,0.791834;0.779758;0.792409;0.793441;0.773303,legacy,
knn_ablate_drop_ratio_numeric_bin070_num120_k23_distance_p1,KNN,0.7860343927405602,0.0070004192870996,0.789534;0.786659;0.784934;0.795167;0.773878,knn_weight_ablation,2026-05-07T23:08:38
knn_ablate_drop_ratio_numeric_bin070_num125_k23_distance_p1,KNN,0.7855744905839168,0.0066271514282584,0.790684;0.784934;0.782059;0.794591;0.775604,knn_weight_ablation,2026-05-07T23:08:38
knn_standard_k25_distance_p2,KNN,0.7855740273731118,0.0091766928673965,0.792984;0.776883;0.791834;0.794016;0.772152,legacy,
knn_standard_k35_uniform_p2,KNN,0.7845382880125676,0.0069381599582023,0.794710;0.778033;0.789534;0.784235;0.776180,legacy,
knn_standard_k25_distance_p1,KNN,0.78430906483694,0.0078649024783176,0.795860;0.776883;0.781484;0.791139;0.776180,legacy,
knn_standard_k15_uniform_p1,KNN,0.7838485671235469,0.0103993948818614,0.787809;0.793560;0.774583;0.794591;0.768700,legacy,
knn_scaler_robust_k21_uniform_p1,KNN,0.7837334261519556,0.0084316530244456,0.790684;0.780334;0.785509;0.792865;0.769275,knn_scaler_compare,2026-05-07T22:43:46
knn_standard_k35_distance_p2,KNN,0.783733161460067,0.0074006059109318,0.793560;0.778033;0.787234;0.787112;0.772727,legacy,
knn_standard_k15_distance_p1,KNN,0.7836188145641417,0.0106931849673733,0.788384;0.793560;0.770558;0.794591;0.771001,legacy,
knn_standard_k25_uniform_p1,KNN,0.7836183513533366,0.0060374025384944,0.794135;0.778033;0.784359;0.784235;0.777330,legacy,
knn_standard_k50_distance_p2,KNN,0.7835034089006618,0.00599176474294,0.792409;0.775158;0.787809;0.781358;0.780783,legacy,
knn_scaler_robust_k29_uniform_p2,KNN,0.7833882017560982,0.008798436036756,0.792984;0.774008;0.789534;0.788838;0.771577,knn_scaler_compare,2026-05-07T22:43:46
knn_standard_k50_distance_p1,KNN,0.7829277040427054,0.0090001333023574,0.798160;0.778033;0.782059;0.785386;0.771001,legacy,
knn_scaler_robust_k25_uniform_p2,KNN,0.782583207549542,0.0074969214321836,0.787234;0.777458;0.787234;0.790564;0.770426,knn_scaler_compare,2026-05-07T22:43:46
knn_standard_k15_uniform_p2,KNN,0.782354910795525,0.0108679254130346,0.789534;0.772858;0.773433;0.800345;0.775604,legacy,
knn_standard_k50_uniform_p2,KNN,0.782352396222582,0.0070773792810586,0.790684;0.775733;0.791259;0.777906;0.776180,legacy,
knn_standard_k75_distance_p2,KNN,0.7821237686037039,0.0055113896664912,0.781484;0.772858;0.790109;0.783084;0.783084,legacy,
knn_scaler_robust_k25_uniform_p1,KNN,0.7818924940659387,0.007959336413326,0.790109;0.776883;0.787234;0.786536;0.768700,knn_scaler_compare,2026-05-07T22:43:46
knn_standard_k50_uniform_p1,KNN,0.7818915676443282,0.009771949972539,0.797585;0.776308;0.788384;0.776755;0.770426,legacy,
knn_standard_k35_uniform_p1,KNN,0.7816620797768118,0.0096457892328772,0.792409;0.775733;0.788384;0.785961;0.765823,legacy,
knn_scaler_robust_k21_uniform_p2,KNN,0.7814325257363233,0.0085056146734351,0.791259;0.773433;0.786659;0.786536;0.769275,knn_scaler_compare,2026-05-07T22:43:46
knn_standard_k35_distance_p1,KNN,0.7806273330108503,0.0098842622635589,0.791259;0.773433;0.783784;0.789413;0.765247,legacy,
knn_standard_k75_distance_p1,KNN,0.7806272668378782,0.0106124785792079,0.798160;0.768258;0.782634;0.783084;0.771001,legacy,
knn_standard_k15_distance_p2,KNN,0.7805143095743687,0.010452981183389,0.786084;0.772283;0.772283;0.798619;0.773303,legacy,
knn_standard_k75_uniform_p2,KNN,0.7805131184608696,0.0050443592472117,0.779758;0.772858;0.788384;0.782509;0.779056,legacy,
knn_standard_k75_uniform_p1,KNN,0.7791323532233847,0.008083488332656,0.790684;0.767683;0.781484;0.783084;0.772727,legacy,
knn_quantile_normal_bin070_num125_k25_distance_p1,KNN,0.7783274913627728,0.006748172469903543,0.783209;0.766532;0.784359;0.782509;0.775029,knn_quantile,2026-05-07T23:11:20
knn_quantile_normal_bin080_num120_k25_distance_p1,KNN,0.7783269619789953,0.007062041924207703,0.787234;0.767683;0.783784;0.779632;0.773303,knn_quantile,2026-05-07T23:11:20
knn_quantile_normal_bin070_num120_k25_distance_p1,KNN,0.7777523158885937,0.005923263291452656,0.783209;0.767108;0.782059;0.780783;0.775604,knn_quantile,2026-05-07T23:11:20
knn_quantile_normal_bin070_num125_k23_distance_p1,KNN,0.7772921490400618,0.0050557410371353225,0.779183;0.771133;0.780909;0.783659;0.771577,knn_quantile,2026-05-07T23:11:20
knn_quantile_normal_bin070_num120_k23_distance_p1,KNN,0.7770623303076845,0.004819627495431854,0.778033;0.771708;0.778608;0.784810;0.772152,knn_quantile,2026-05-07T23:11:20
knn_quantile_normal_bin080_num120_k23_distance_p1,KNN,0.7769469908171767,0.006799846435837685,0.779758;0.769983;0.780909;0.785961;0.768124,knn_quantile,2026-05-07T23:11:20
knn_quantile_normal_bin070_num125_k21_distance_p1,KNN,0.776717436776688,0.006947016418004655,0.775158;0.769983;0.780334;0.788262;0.769850,knn_quantile,2026-05-07T23:11:20
knn_scaler_minmax_k21_uniform_p1,KNN,0.7763712859592202,0.0049360766846116,0.783209;0.774008;0.776308;0.779632;0.768700,knn_scaler_compare,2026-05-07T22:43:46
knn_robust_k35_uniform_p2,KNN,0.7763710874403037,0.0071073431995073,0.783784;0.768258;0.783209;0.779056;0.767549,legacy,
knn_scaler_minmax_k25_uniform_p1,KNN,0.776370425710582,0.0081091796207472,0.791259;0.772858;0.776883;0.766974;0.773878,knn_scaler_compare,2026-05-07T22:43:46
knn_quantile_normal_bin070_num120_k21_distance_p1,KNN,0.7757973015985404,0.00730461145623137,0.772283;0.769408;0.779758;0.788262;0.769275,knn_quantile,2026-05-07T23:11:20
knn_scaler_minmax_k29_uniform_p1,KNN,0.7757955811012638,0.0066365892335555,0.783784;0.769408;0.783209;0.774453;0.768124,knn_scaler_compare,2026-05-07T22:43:46
knn_quantile_normal_bin080_num120_k21_distance_p1,KNN,0.7749920427000955,0.006846431771534053,0.770558;0.769408;0.779183;0.786536;0.769275,knn_quantile,2026-05-07T23:11:20
knn_robust_k35_distance_p2,KNN,0.7746455610177667,0.0076120238321474,0.779758;0.768258;0.782059;0.780207;0.762946,legacy,
knn_robust_k25_uniform_p2,KNN,0.7745306185650921,0.0063125415990292,0.783209;0.773433;0.772283;0.779056;0.764672,legacy,
knn_robust_k35_distance_p1,KNN,0.7739555754368574,0.0066940593295861,0.784359;0.770558;0.771133;0.778481;0.765247,legacy,
knn_robust_k50_distance_p2,KNN,0.7738401036004052,0.0068874275391983,0.785509;0.768833;0.775158;0.774453;0.765247,legacy,
knn_robust_k35_uniform_p1,KNN,0.773840037427433,0.0075490253009729,0.787809;0.768833;0.773433;0.773303;0.765823,legacy,
knn_robust_k25_distance_p2,KNN,0.7733805323086227,0.0082499420768275,0.782634;0.771708;0.768833;0.782509;0.761220,legacy,
knn_robust_k50_uniform_p2,KNN,0.7722295196305431,0.008234927978044,0.783784;0.765382;0.776308;0.775029;0.760644,legacy,
knn_robust_k25_uniform_p1,KNN,0.7721147095238126,0.004441947982241,0.778608;0.772858;0.771708;0.772727;0.764672,legacy,
knn_robust_k15_uniform_p1,KNN,0.7715392031847729,0.0068763765219267,0.778608;0.776883;0.768833;0.773878;0.759494,legacy,
knn_robust_k50_distance_p1,KNN,0.7713089874145623,0.009308800379531,0.787234;0.763657;0.774008;0.771001;0.760644,legacy,
knn_robust_k25_distance_p1,KNN,0.7708496146416965,0.00553313678841,0.776883;0.772283;0.767683;0.775604;0.761795,legacy,
knn_scaler_minmax_k29_uniform_p2,KNN,0.7707335472484947,0.0091143212092864,0.786659;0.764232;0.774583;0.766974;0.761220,knn_scaler_compare,2026-05-07T22:43:46
knn_robust_k15_distance_p1,KNN,0.7705037285161174,0.0075563272441192,0.776308;0.779183;0.767108;0.772152;0.757768,legacy,
knn_robust_k75_distance_p1,KNN,0.7703898448309976,0.0082682837581237,0.783784;0.759057;0.769408;0.773878;0.765823,legacy,
knn_robust_k75_distance_p2,KNN,0.7703895801391087,0.0044205483141535,0.774008;0.764232;0.776308;0.770426;0.766974,legacy,
knn_scaler_minmax_k25_uniform_p2,KNN,0.7703885875445261,0.0077859251220303,0.783784;0.765382;0.774008;0.766974;0.761795,knn_scaler_compare,2026-05-07T22:43:46
knn_robust_k15_uniform_p2,KNN,0.769929479463549,0.007570873345039,0.782059;0.763657;0.767108;0.775029;0.761795,legacy,
knn_robust_k50_uniform_p1,KNN,0.7695839242028307,0.0069330259112431,0.779758;0.760782;0.775158;0.767549;0.764672,legacy,
knn_robust_k75_uniform_p1,KNN,0.7693541716434256,0.0069168897682244,0.781484;0.761932;0.768833;0.771001;0.763521,legacy,
knn_robust_k75_uniform_p2,KNN,0.7692393615366953,0.0063130040833145,0.772858;0.759632;0.777458;0.771577;0.764672,legacy,
knn_scaler_minmax_k21_uniform_p2,KNN,0.768203953041012,0.0050953156195953,0.775733;0.763657;0.768258;0.771577;0.761795,knn_scaler_compare,2026-05-07T22:43:46
knn_robust_k15_distance_p2,KNN,0.7676293731235827,0.006978665557892,0.778033;0.760782;0.761932;0.773878;0.763521,legacy,
knn_quantile_uniform_bin070_num125_k25_distance_p1,KNN,0.7662482770212369,0.007929821862872057,0.776308;0.764807;0.761357;0.773878;0.754891,knn_quantile,2026-05-07T23:11:20
knn_quantile_uniform_bin070_num120_k25_distance_p1,KNN,0.7661332022226178,0.008455834259587784,0.776883;0.765957;0.759632;0.773878;0.754315,knn_quantile,2026-05-07T23:11:20
knn_quantile_uniform_bin070_num125_k23_distance_p1,KNN,0.7645228167716722,0.009686203904236154,0.776883;0.761357;0.758482;0.774453;0.751438,knn_quantile,2026-05-07T23:11:20
knn_quantile_uniform_bin080_num120_k25_distance_p1,KNN,0.7645224859068112,0.00797947823695783,0.774583;0.764807;0.760207;0.771001;0.752014,knn_quantile,2026-05-07T23:11:20
knn_quantile_uniform_bin080_num120_k23_distance_p1,KNN,0.7642929980392948,0.00853858176950685,0.772283;0.764232;0.757332;0.775029;0.752589,knn_quantile,2026-05-07T23:11:20
knn_quantile_uniform_bin070_num125_k21_distance_p1,KNN,0.763947575124521,0.007650477218093055,0.771133;0.761357;0.763082;0.772727;0.751438,knn_quantile,2026-05-07T23:11:20
knn_quantile_uniform_bin070_num120_k23_distance_p1,KNN,0.7638325664988741,0.008485796227349726,0.774008;0.761357;0.759632;0.772727;0.751438,knn_quantile,2026-05-07T23:11:20
knn_quantile_uniform_bin070_num120_k21_distance_p1,KNN,0.7633721349584532,0.008793542557156192,0.771133;0.761932;0.763082;0.772727;0.747986,knn_quantile,2026-05-07T23:11:20
knn_quantile_uniform_bin080_num120_k21_distance_p1,KNN,0.7615319307751303,0.008002829976774707,0.769408;0.757907;0.760207;0.771001;0.749137,knn_quantile,2026-05-07T23:11:20
bernoulli_nb_alpha0.25,BernoulliNB,0.7402493794629533,0.0072664150604663,0.752731;0.736630;0.743531;0.731876;0.736479,legacy,
bernoulli_nb_alpha0.5,BernoulliNB,0.7402493794629533,0.0072664150604663,0.752731;0.736630;0.743531;0.731876;0.736479,legacy,
bernoulli_nb_alpha1,BernoulliNB,0.7402493794629533,0.0072664150604663,0.752731;0.736630;0.743531;0.731876;0.736479,legacy,
bernoulli_nb_alpha2,BernoulliNB,0.7401343708373064,0.0073270839087792,0.752731;0.736055;0.743531;0.731876;0.736479,legacy,
categorical_nb_alpha0.25,CategoricalNB,0.7382948945566775,0.0053471830078103,0.745831;0.732030;0.739505;0.732451;0.741657,legacy,
categorical_nb_alpha0.5,CategoricalNB,0.7382948945566775,0.0053471830078103,0.745831;0.732030;0.739505;0.732451;0.741657,legacy,
categorical_nb_alpha1,CategoricalNB,0.7382948945566775,0.0053471830078103,0.745831;0.732030;0.739505;0.732451;0.741657,legacy,
categorical_nb_alpha2,CategoricalNB,0.7382948945566775,0.0053471830078103,0.745831;0.732030;0.739505;0.732451;0.741657,legacy,
categorical_nb_deck_side_bins4_alpha0.5,CategoricalNB,0.7370292041178117,0.0050885400684063,0.745256;0.732030;0.738930;0.731300;0.737629,nb_lowcard,2026-05-07T22:49:11
categorical_nb_deck_side_bins4_alpha1,CategoricalNB,0.7370292041178117,0.0050885400684063,0.745256;0.732030;0.738930;0.731300;0.737629,nb_lowcard,2026-05-07T22:49:11
categorical_nb_deck_side_bins4_alpha2,CategoricalNB,0.7370292041178117,0.0050885400684063,0.745256;0.732030;0.738930;0.731300;0.737629,nb_lowcard,2026-05-07T22:49:11
bernoulli_nb_lowcard_alpha0.25,BernoulliNB,0.7370289394259231,0.0056909116099848,0.745831;0.732605;0.740081;0.729574;0.737054,nb_lowcard,2026-05-07T22:49:11
bernoulli_nb_lowcard_alpha0.5,BernoulliNB,0.7370289394259231,0.0056909116099848,0.745831;0.732605;0.740081;0.729574;0.737054,nb_lowcard,2026-05-07T22:49:11
bernoulli_nb_lowcard_alpha1,BernoulliNB,0.7370289394259231,0.0056909116099848,0.745831;0.732605;0.740081;0.729574;0.737054,nb_lowcard,2026-05-07T22:49:11
bernoulli_nb_lowcard_alpha2,BernoulliNB,0.7370289394259231,0.0056909116099848,0.745831;0.732605;0.740081;0.729574;0.737054,nb_lowcard,2026-05-07T22:49:11
categorical_nb_deck_side_bins6_alpha0.5,CategoricalNB,0.7369141954921647,0.0050506272444712,0.745256;0.732030;0.738355;0.731300;0.737629,nb_lowcard,2026-05-07T22:49:11
categorical_nb_deck_side_bins6_alpha1,CategoricalNB,0.7369141954921647,0.0050506272444712,0.745256;0.732030;0.738355;0.731300;0.737629,nb_lowcard,2026-05-07T22:49:11
categorical_nb_deck_side_bins6_alpha2,CategoricalNB,0.7369141954921647,0.0050506272444712,0.745256;0.732030;0.738355;0.731300;0.737629,nb_lowcard,2026-05-07T22:49:11
categorical_nb_deck_side_bins8_alpha0.5,CategoricalNB,0.7369141954921647,0.0052053889037591,0.745256;0.731455;0.738930;0.731300;0.737629,nb_lowcard,2026-05-07T22:49:11
categorical_nb_deck_side_bins8_alpha1,CategoricalNB,0.7369141954921647,0.0052053889037591,0.745256;0.731455;0.738930;0.731300;0.737629,nb_lowcard,2026-05-07T22:49:11
categorical_nb_deck_side_bins8_alpha2,CategoricalNB,0.7369141954921647,0.0052053889037591,0.745256;0.731455;0.738930;0.731300;0.737629,nb_lowcard,2026-05-07T22:49:11
categorical_nb_lowcard_bins4_alpha0.5,CategoricalNB,0.7367991206935456,0.0050395621592844,0.745256;0.732030;0.738355;0.731300;0.737054,nb_lowcard,2026-05-07T22:49:11
categorical_nb_lowcard_bins4_alpha1,CategoricalNB,0.7367991206935456,0.0050395621592844,0.745256;0.732030;0.738355;0.731300;0.737054,nb_lowcard,2026-05-07T22:49:11
categorical_nb_lowcard_bins4_alpha2,CategoricalNB,0.7367991206935456,0.0050395621592844,0.745256;0.732030;0.738355;0.731300;0.737054,nb_lowcard,2026-05-07T22:49:11
categorical_nb_lowcard_bins6_alpha0.5,CategoricalNB,0.7367991206935456,0.0050395621592844,0.745256;0.732030;0.738355;0.731300;0.737054,nb_lowcard,2026-05-07T22:49:11
categorical_nb_lowcard_bins6_alpha1,CategoricalNB,0.7367991206935456,0.0050395621592844,0.745256;0.732030;0.738355;0.731300;0.737054,nb_lowcard,2026-05-07T22:49:11
categorical_nb_lowcard_bins6_alpha2,CategoricalNB,0.7367991206935456,0.0050395621592844,0.745256;0.732030;0.738355;0.731300;0.737054,nb_lowcard,2026-05-07T22:49:11
categorical_nb_lowcard_bins8_alpha0.5,CategoricalNB,0.7366841120678986,0.0051523875254172,0.745256;0.731455;0.738355;0.731300;0.737054,nb_lowcard,2026-05-07T22:49:11
categorical_nb_lowcard_bins8_alpha1,CategoricalNB,0.7366841120678986,0.0051523875254172,0.745256;0.731455;0.738355;0.731300;0.737054,nb_lowcard,2026-05-07T22:49:11
categorical_nb_lowcard_bins8_alpha2,CategoricalNB,0.7366841120678986,0.0051523875254172,0.745256;0.731455;0.738355;0.731300;0.737054,nb_lowcard,2026-05-07T22:49:11
bernoulli_nb_binned_lowcard_bins8_alpha0.5,BernoulliNB,0.7362239452193666,0.0055038045796309,0.745256;0.730305;0.738355;0.730725;0.736479,nb_binned_onehot,2026-05-07T22:50:13
bernoulli_nb_binned_lowcard_bins8_alpha1,BernoulliNB,0.7362239452193666,0.0055038045796309,0.745256;0.730305;0.738355;0.730725;0.736479,nb_binned_onehot,2026-05-07T22:50:13
bernoulli_nb_binned_full_lowish_bins8_alpha0.5,BernoulliNB,0.736109002766692,0.0053257192153855,0.745256;0.730305;0.737205;0.731300;0.736479,nb_binned_onehot,2026-05-07T22:50:13
bernoulli_nb_binned_full_lowish_bins8_alpha1,BernoulliNB,0.736109002766692,0.0053257192153855,0.745256;0.730305;0.737205;0.731300;0.736479,nb_binned_onehot,2026-05-07T22:50:13
complement_nb_binned_lowcard_bins8_alpha0.5,ComplementNB,0.7359940603140172,0.005126161783177,0.744681;0.730305;0.736630;0.731300;0.737054,nb_binned_onehot,2026-05-07T22:50:13
complement_nb_binned_lowcard_bins8_alpha1,ComplementNB,0.7359940603140172,0.005126161783177,0.744681;0.730305;0.736630;0.731300;0.737054,nb_binned_onehot,2026-05-07T22:50:13
bernoulli_nb_binned_full_lowish_bins4_alpha0.5,BernoulliNB,0.735993927968073,0.0054335038966445,0.745256;0.730305;0.737205;0.730725;0.736479,nb_binned_onehot,2026-05-07T22:50:13
bernoulli_nb_binned_full_lowish_bins4_alpha1,BernoulliNB,0.735993927968073,0.0054335038966445,0.745256;0.730305;0.737205;0.730725;0.736479,nb_binned_onehot,2026-05-07T22:50:13
multinomial_nb_binned_full_lowish_bins4_alpha0.5,MultinomialNB,0.735993927968073,0.0054335038966445,0.745256;0.730305;0.737205;0.730725;0.736479,nb_binned_onehot,2026-05-07T22:50:13
multinomial_nb_binned_full_lowish_bins4_alpha1,MultinomialNB,0.735993927968073,0.0054335038966445,0.745256;0.730305;0.737205;0.730725;0.736479,nb_binned_onehot,2026-05-07T22:50:13
complement_nb_binned_full_lowish_bins4_alpha0.5,ComplementNB,0.735993927968073,0.0054335038966445,0.745256;0.730305;0.737205;0.730725;0.736479,nb_binned_onehot,2026-05-07T22:50:13
complement_nb_binned_full_lowish_bins4_alpha1,ComplementNB,0.735993927968073,0.0054335038966445,0.745256;0.730305;0.737205;0.730725;0.736479,nb_binned_onehot,2026-05-07T22:50:13
multinomial_nb_binned_lowcard_bins8_alpha0.5,MultinomialNB,0.7358790516883703,0.0051170409993088,0.744681;0.730305;0.736055;0.731300;0.737054,nb_binned_onehot,2026-05-07T22:50:13
multinomial_nb_binned_lowcard_bins8_alpha1,MultinomialNB,0.7358790516883703,0.0051170409993088,0.744681;0.730305;0.736055;0.731300;0.737054,nb_binned_onehot,2026-05-07T22:50:13
bernoulli_nb_binned_lowcard_bins4_alpha0.5,BernoulliNB,0.7358788531694538,0.0055487459576731,0.745256;0.730305;0.737205;0.730150;0.736479,nb_binned_onehot,2026-05-07T22:50:13
bernoulli_nb_binned_lowcard_bins4_alpha1,BernoulliNB,0.7358788531694538,0.0055487459576731,0.745256;0.730305;0.737205;0.730150;0.736479,nb_binned_onehot,2026-05-07T22:50:13
multinomial_nb_binned_full_lowish_bins8_alpha0.5,MultinomialNB,0.735763910716779,0.0050991647742693,0.744681;0.730305;0.736630;0.731300;0.735903,nb_binned_onehot,2026-05-07T22:50:13
multinomial_nb_binned_full_lowish_bins8_alpha1,MultinomialNB,0.735763910716779,0.0050991647742693,0.744681;0.730305;0.736630;0.731300;0.735903,nb_binned_onehot,2026-05-07T22:50:13
complement_nb_binned_full_lowish_bins8_alpha0.5,ComplementNB,0.735763910716779,0.0050991647742693,0.744681;0.730305;0.736630;0.731300;0.735903,nb_binned_onehot,2026-05-07T22:50:13
complement_nb_binned_full_lowish_bins8_alpha1,ComplementNB,0.735763910716779,0.0050991647742693,0.744681;0.730305;0.736630;0.731300;0.735903,nb_binned_onehot,2026-05-07T22:50:13
multinomial_nb_binned_lowcard_bins4_alpha0.5,MultinomialNB,0.735763910716779,0.0052147176558371,0.744681;0.730305;0.736630;0.730725;0.736479,nb_binned_onehot,2026-05-07T22:50:13
multinomial_nb_binned_lowcard_bins4_alpha1,MultinomialNB,0.735763910716779,0.0052147176558371,0.744681;0.730305;0.736630;0.730725;0.736479,nb_binned_onehot,2026-05-07T22:50:13
complement_nb_binned_lowcard_bins4_alpha0.5,ComplementNB,0.735763910716779,0.0052147176558371,0.744681;0.730305;0.736630;0.730725;0.736479,nb_binned_onehot,2026-05-07T22:50:13
complement_nb_binned_lowcard_bins4_alpha1,ComplementNB,0.735763910716779,0.0052147176558371,0.744681;0.730305;0.736630;0.730725;0.736479,nb_binned_onehot,2026-05-07T22:50:13
gaussian_nb_vs1e-05,GaussianNB,0.7356486373992434,0.0105378097952028,0.753882;0.721679;0.737780;0.733602;0.731300,legacy,
gaussian_nb_vs1e-06,GaussianNB,0.7341530620550281,0.011442424262825,0.753882;0.719379;0.736630;0.733026;0.727848,legacy,
gaussian_nb_vs1e-07,GaussianNB,0.7321975845541695,0.0121749769140869,0.753882;0.718229;0.730880;0.734177;0.723820,legacy,
gaussian_nb_vs1e-08,GaussianNB,0.7263322108191487,0.0176929409255844,0.753882;0.718804;0.700403;0.734753;0.723820,legacy,
gaussian_nb_vs1e-09,GaussianNB,0.7179366473198954,0.0331731710735257,0.753882;0.720529;0.656124;0.737054;0.722094,legacy,
gaussian_nb_vs1e-10,GaussianNB,0.706665074103803,0.0517209927609647,0.753882;0.720529;0.606095;0.731876;0.720944,legacy,
